,name,clouds,country,dt,humidity,lat,lon,temp_max,speed
0,Butaritari,100,KI,1600903141,72,3.07,172.79,82.81,14.16
1,Rikitea,16,PF,1600902864,72,-23.12,-134.97,72.86,11.01
2,George Town,40,MY,1600903012,94,5.41,100.34,77.0,5.82
3,Kandrian,0,PG,1600903146,71,-6.22,149.55,83.08,4.92
4,Castro,19,BR,1600903147,92,-24.79,-50.01,56.1,6.73
5,Nikolskoye,35,RU,1600903148,82,59.7,30.79,60.01,4.47
6,Provideniya,71,RU,1600903149,70,64.38,-173.3,42.8,4.47
7,Bluff,81,NZ,1600903151,69,-46.6,168.33,57.0,7.0
8,East London,5,ZA,1600903152,56,-33.02,27.91,66.79,1.19
9,Amahai,59,ID,1600903153,74,-3.33,128.92,79.68,1.99
10,St. George's,20,GD,1600903154,79,12.06,-61.75,86.0,11.41
11,Saint Paul Harbor,90,US,1600903156,87,57.79,-152.41,53.6,9.17
12,Carnarvon,75,AU,1600903015,93,-24.87,113.63,66.2,4.7
13,Ushuaia,75,AR,1600903158,81,-54.8,-68.3,50.0,20.8
14,Busselton,0,AU,1600902998,51,-33.65,115.33,55.99,15.14
15,Mataura,67,NZ,1600903161,69,-46.19,168.86,57.0,7.0
16,Touros,20,BR,1600903163,83,-5.2,-35.46,77.0,9.17
17,Dolores,64,AR,1600903164,81,-36.31,-57.68,52.97,7.27
18,Paamiut,97,GL,1600903166,74,61.99,-49.67,38.14,6.06
19,Behshahr,0,IR,1600903167,64,36.69,53.55,69.55,8.25
20,Puerto Ayora,100,EC,1600903011,85,-0.74,-90.35,68.0,5.99
21,Cayenne,99,GF,1600903170,78,4.93,-52.33,82.4,3.36
22,Barrow,90,US,1600903171,59,71.29,-156.79,33.8,9.17
23,Merauke,65,ID,1600902897,75,-8.47,140.33,80.31,10.94
24,Ust-Kuyga,61,RU,1600903173,67,70.02,135.6,41.68,5.06
25,Alofi,75,NU,1600903175,74,-19.06,-169.92,78.8,10.29
26,Katsuura,75,JP,1600902969,94,35.13,140.3,68.0,17.22
27,Kapit,100,MY,1600903019,94,2.02,112.93,73.51,1.39
28,Hermanus,0,ZA,1600903178,88,-34.42,19.23,52.0,6.17
29,Cabo San Lucas,20,MX,1600902975,62,22.89,-109.91,91.0,18.34
30,Hervey Bay,98,AU,1600903180,72,-25.3,152.85,71.01,5.99
31,Avera,1,US,1600903182,78,33.19,-82.53,71.6,2.59
32,Tilichiki,0,RU,1600903183,63,60.47,166.1,42.12,7.9
33,Airai,0,TL,1600903184,43,-8.93,125.41,67.68,3.83
34,Seoul,90,KR,1600903010,63,37.57,126.98,64.4,6.8
35,Hong Kong,72,HK,1600903043,85,22.29,114.16,82.0,1.99
36,Morondava,0,MG,1600903188,58,-20.28,44.28,73.83,9.62
37,Upernavik,99,GL,1600903189,92,72.79,-56.15,26.89,7.4
38,Cockburn Town,40,TC,1600903044,74,21.46,-71.14,82.4,5.82
39,Xapuri,39,BR,1600903191,52,-10.65,-68.5,89.6,3.36
40,Fengxian,6,CN,1600903192,87,34.7,116.59,63.97,1.34
41,Arraial do Cabo,75,BR,1600903001,94,-22.97,-42.03,68.0,14.18
42,Broken Hill,40,AU,1600903195,66,-31.95,141.43,50.0,4.38
43,Tuatapere,71,NZ,1600902912,69,-46.13,167.68,57.0,7.0
44,Tahoua,1,NE,1600903198,35,14.89,5.27,90.54,6.24
45,Port-Gentil,40,GA,1600903200,88,-0.72,8.78,77.0,12.08
46,Samarai,84,PG,1600903201,86,-10.62,150.67,78.49,14.61
47,Brenham,90,US,1600902994,74,30.17,-96.4,78.8,9.17
48,Faanui,3,PF,1600903204,79,-16.48,-151.75,79.12,17.22
49,Hithadhoo,100,MV,1600903206,61,-0.6,73.08,81.84,4.18
50,Saint-Joseph,0,RE,1600903207,55,-21.37,55.62,64.4,8.05
51,Port Lincoln,85,AU,1600903208,66,-34.73,135.87,53.38,17.29
52,Saldanha,0,ZA,1600903209,76,-33.01,17.94,50.0,3.36
53,Yellowknife,75,CA,1600903211,62,62.46,-114.35,57.2,10.29
54,Sungai Raya,93,ID,1600903018,88,0.7,108.9,77.74,5.41
55,Punta Arenas,75,CL,1600903213,57,-53.15,-70.92,50.0,35.57
56,Corredor,75,CR,1600903214,83,8.64,-82.95,78.8,2.24
57,Pisco,40,PE,1600903216,72,-13.7,-76.22,66.2,9.17
58,Esperance,0,AU,1600902934,100,-33.87,121.9,42.8,5.82
59,Bonavista,55,CA,1600903218,86,48.65,-53.11,61.59,24.49
60,Taltal,83,CL,1600902933,80,-25.4,-70.48,56.41,1.45
61,Ahipara,88,NZ,1600903220,75,-35.17,173.17,63.7,15.48
62,Tezu,100,IN,1600903222,87,27.92,96.17,73.38,3.96
63,Havre-St-Pierre,90,CA,1600903223,87,50.23,-63.6,50.0,10.29
64,Siverek,0,TR,1600903224,56,37.76,39.32,71.6,8.05
65,Rio Grande,99,BR,1600903225,80,-32.03,-52.1,60.44,6.51
66,Kaitangata,88,NZ,1600903227,55,-46.28,169.85,57.22,6.35
67,Souillac,40,MU,1600903052,82,-20.52,57.52,66.2,6.8
68,Gloversville,1,US,1600903229,63,43.05,-74.34,66.0,9.17
69,Albany,13,US,1600903203,51,42.6,-73.97,72.0,7.56
70,Geraldton,94,AU,1600903231,18,-28.77,114.6,71.6,17.22
71,Saint-François,93,FR,1600903233,72,46.42,3.91,66.2,11.41
72,Vaini,40,TO,1600903234,78,-21.2,-175.2,77.0,10.29
73,Norman Wells,75,CA,1600903235,47,65.28,-126.83,57.2,10.29
74,Orlik,63,RU,1600903236,70,52.52,99.83,40.57,5.19
75,Mount Gambier,90,AU,1600903238,93,-37.83,140.77,44.6,10.29
76,Mazagão,20,BR,1600903239,70,-0.12,-51.29,86.0,11.41
77,Māngrol,99,IN,1600903240,89,21.12,70.12,80.98,11.14
78,Berlevåg,20,NO,1600903061,76,70.86,29.09,48.2,26.4
79,Departamento de Maldonado,99,UY,1600903242,71,-34.67,-54.92,57.2,5.82
80,New Norfolk,74,AU,1600902996,72,-42.78,147.06,53.01,3.0
81,Khatanga,97,RU,1600903246,86,71.97,102.5,45.46,5.97
82,Olafsvik,93,IS,1600903247,75,64.89,-23.71,37.87,19.53
83,Bathsheba,20,BB,1600903248,74,13.22,-59.52,84.2,8.05
84,Jamestown,1,US,1600903250,72,42.1,-79.24,70.0,9.17
85,Isangel,90,VU,1600903251,78,-19.55,169.27,78.8,2.24
86,Tonantins,68,BR,1600903252,72,-2.87,-67.8,80.51,1.1
87,Bredasdorp,0,ZA,1600903253,93,-34.53,20.04,44.6,4.7
88,Saint-Philippe,0,RE,1600903255,55,-21.36,55.77,64.4,8.05
89,Banda Aceh,100,ID,1600903256,75,5.56,95.32,78.87,7.9
90,Avarua,100,CK,1600903257,88,-21.21,-159.78,78.8,10.29
91,Talara,50,PE,1600903258,85,-4.58,-81.27,63.63,11.27
92,Qaanaaq,100,GL,1600903260,84,77.48,-69.36,16.77,12.86
93,Bethel,1,US,1600903198,60,41.37,-73.41,70.0,3.36
94,New Amsterdam,38,GY,1600903262,84,6.25,-57.52,78.87,5.88
95,Chokurdakh,100,RU,1600903263,87,70.63,147.92,39.16,5.88
96,Tasiilaq,73,GL,1600903002,63,65.61,-37.64,28.4,5.82
97,Ullapool,8,GB,1600903266,92,57.9,-5.16,37.0,1.01
98,Dikson,33,RU,1600903267,89,73.51,80.55,39.42,17.94
99,Bajil,93,YE,1600903268,51,15.06,43.29,90.36,1.52
100,College,90,US,1600903270,58,64.86,-147.8,53.6,8.05
101,Zhireken,100,RU,1600903271,90,52.82,117.31,43.41,5.79
102,Mulegé,0,MX,1600903270,28,26.88,-111.98,95.81,10.71
103,Port Alfred,0,ZA,1600903149,78,-33.59,26.89,60.6,1.48
104,Mīnāb,1,IR,1600903275,54,27.15,57.08,78.8,4.7
105,Tuktoyaktuk,90,CA,1600903277,80,69.45,-133.04,39.2,14.99
106,Soyo,85,AO,1600903278,85,-6.13,12.37,74.43,7.7
107,Guerrero Negro,0,MX,1600903017,39,27.98,-114.06,85.93,16.13
108,Kathmandu,90,NP,1600903280,100,27.72,85.32,66.2,3.36
109,Ilulissat,0,GL,1600903282,53,69.22,-51.1,23.0,1.12
110,Itea,69,GR,1600903283,64,38.43,22.42,73.99,1.01
111,Cape Town,75,ZA,1600903284,93,-33.93,18.42,57.99,6.93
112,Mahébourg,40,MU,1600903285,82,-20.41,57.7,66.2,8.95
113,Moscow,100,RU,1600903189,87,55.75,37.62,59.0,4.27
114,Hilo,90,US,1600903178,83,19.73,-155.09,78.8,5.82
115,Watsa,59,CD,1600903289,99,3.04,29.54,63.88,0.51
116,Saskylakh,0,RU,1600903290,76,71.92,114.08,43.52,12.46
117,Villa del Rosario,40,CO,1600903291,45,7.83,-72.47,87.8,20.8
118,Oddur,4,SO,1600903293,80,4.12,43.89,72.18,15.32
119,Sakaiminato,75,JP,1600903294,94,35.55,133.23,71.6,2.24
120,Yulara,0,AU,1600903295,33,-25.24,130.99,57.2,10.29
121,Vostok,0,RU,1600903297,86,46.49,135.88,50.0,2.24
122,Hokitika,53,NZ,1600903300,81,-42.72,170.97,56.84,7.31
123,Ribeira Grande,50,PT,1600903301,71,38.52,-28.7,65.77,22.91
124,Bridlington,100,GB,1600903302,93,54.08,-0.19,50.0,9.17
125,Arman',59,RU,1600903304,57,59.7,150.17,46.8,10.6
126,Kruisfontein,0,ZA,1600903306,80,-34.0,24.73,52.68,4.38
127,Datong,0,CN,1600903307,85,40.09,113.29,51.31,1.21
128,Popondetta,98,PG,1600903310,59,-8.75,148.25,87.3,0.78
129,Ekenäs,3,FI,1600903311,93,59.97,23.43,57.99,9.66
130,Bilibino,99,RU,1600903035,85,68.05,166.44,38.44,4.18
131,Sitka,90,US,1600903313,76,57.05,-135.33,55.4,6.93
132,Pareora,68,NZ,1600903315,57,-44.49,171.21,59.41,5.14
133,Port Elizabeth,20,ZA,1600903035,87,-33.92,25.57,53.6,3.36
134,Kaka,0,TM,1600903317,38,37.35,59.61,54.34,4.38
135,Donskoye,4,RU,1600903318,82,45.46,41.97,57.2,8.95
136,Yantal',7,RU,1600903320,86,56.85,105.25,37.29,3.67
137,Narsaq,100,GL,1600903321,38,60.92,-46.05,39.2,3.36
138,Kutum,19,SD,1600903323,54,14.2,24.67,77.34,3.29
139,Port Moresby,90,PG,1600903324,83,-9.44,147.18,78.8,5.82
140,Chui,100,UY,1600903060,93,-33.7,-53.46,54.43,4.9
141,Thompson,40,CA,1600903326,53,55.74,-97.86,51.8,2.91
142,Lakes Entrance,0,AU,1600903328,61,-37.88,147.98,55.99,1.01
143,Rocha,100,UY,1600903227,90,-34.48,-54.33,50.74,5.44
144,Port Hardy,90,CA,1600903330,93,50.7,-127.42,55.4,12.75
145,Krasnosel'kup,86,RU,1600903331,84,65.7,82.47,39.07,12.46
146,Jijiga,87,ET,1600903334,91,9.35,42.8,61.07,7.67
147,Leningradskiy,100,RU,1600903335,96,69.38,178.42,33.82,6.58
148,Rodolfo Sánchez Taboada,0,MX,1600903073,25,31.72,-116.57,84.99,5.99
149,Chifeng,100,CN,1600903337,73,42.27,118.96,57.87,3.78
150,Abaeté,100,BR,1600903339,73,-19.16,-45.45,71.01,3.67
151,Saint-Nazaire,26,FR,1600903340,87,47.28,-2.2,57.99,5.82
152,Kasangulu,40,CD,1600903341,61,-4.59,15.17,82.4,9.17
153,Atuona,27,PF,1600903342,71,-9.8,-139.03,78.08,18.99
154,Dawei,100,MM,1600903344,93,14.08,98.2,76.24,5.06
155,Alice Springs,0,AU,1600903345,25,-23.7,133.88,75.0,9.17
156,Gijang,75,KR,1600903346,64,35.24,129.21,69.8,10.29
157,Porto Tolle,1,IT,1600903347,86,44.95,12.32,64.0,8.25
158,Sebeta,75,ET,1600903349,82,8.92,38.62,59.0,4.7
159,Reus,49,ES,1600903350,82,41.16,1.11,73.0,3.36
160,Portknockie,95,GB,1600903351,93,57.7,-2.86,41.0,2.24
161,Freeport,1,US,1600903201,44,40.66,-73.58,75.99,6.93
162,Gushikawa,20,JP,1600903353,88,26.35,127.87,80.6,5.82
163,Nālūt,0,LY,1600903355,25,30.33,10.85,80.29,7.54
164,Bambous Virieux,40,MU,1600903356,82,-20.34,57.76,66.2,9.37
165,Madaba Governorate,0,JO,1600903357,82,31.58,35.67,66.99,1.39
166,Oranjestad,20,AW,1600903105,70,12.52,-70.03,87.8,23.04
167,Lebu,0,CL,1600903356,80,-37.62,-73.65,50.2,15.88
168,Ukiah,1,US,1600903361,28,39.15,-123.21,84.2,6.93
169,Aquiraz,75,BR,1600903362,78,-3.9,-38.39,80.6,11.41
170,Vardø,75,NO,1600903363,81,70.37,31.11,48.2,11.41
171,Srednekolymsk,98,RU,1600903364,76,67.45,153.68,44.01,11.54
172,Ust-Maya,0,RU,1600903365,72,60.42,134.53,42.42,1.19
173,Micheweni,1,TZ,1600903367,84,-4.97,39.83,76.39,8.86
174,Kapaa,20,US,1600903368,58,22.08,-159.32,87.8,12.75
175,Kampot,20,KH,1600903369,94,10.62,104.18,75.2,3.47
176,Iqaluit,90,CA,1600903370,82,63.75,-68.51,35.6,18.34
177,Torbay,75,CA,1600903372,93,47.67,-52.73,66.99,24.16
178,Nome,1,US,1600903373,48,64.5,-165.41,44.6,17.22
179,Starokorsunskaya,0,RU,1600903375,87,45.06,39.32,55.4,4.47
180,Urengoy,67,RU,1600903376,90,65.97,78.37,36.14,7.85
181,Kamaishi,75,JP,1600903378,77,39.27,141.88,68.0,3.36
182,Gravdal,94,NO,1600903379,66,68.12,13.5,44.8,28.39
183,Severo-Kuril'sk,8,RU,1600903380,70,50.68,156.12,49.55,13.22
184,Pevek,98,RU,1600903383,95,69.7,170.31,34.9,20.33
185,Kiryat Gat,17,IL,1600903264,77,31.61,34.76,77.0,1.25
186,Road Town,20,VG,1600903387,94,18.42,-64.62,82.0,2.95
187,Kaeo,79,NZ,1600903388,79,-35.1,173.78,64.99,10.0
188,Beringovskiy,75,RU,1600903389,64,63.05,179.32,43.56,13.78
189,Araouane,48,ML,1600903390,20,18.9,-3.53,97.34,5.41
190,Takoradze,41,GH,1600903392,93,4.88,-1.76,74.48,7.99
191,Ugoofaaru,97,MV,1600903393,79,5.67,73.0,81.79,13.78
192,Pringsewu,71,ID,1600903394,94,-5.36,104.97,75.06,3.33
193,Laas,90,IT,1600903396,100,46.62,10.7,57.2,2.13
194,Asău,100,RO,1600903397,82,46.43,26.4,57.0,3.67
195,Poum,2,NC,1600903398,70,-20.23,164.02,73.74,13.85
196,Nuuk,89,GL,1600903400,37,64.18,-51.72,37.4,6.85
197,Tiksi,2,RU,1600903401,80,71.69,128.87,41.23,10.49
198,Mar del Plata,40,AR,1600903403,87,-38.0,-57.56,50.0,6.93
199,Hobart,20,AU,1600903350,57,-42.88,147.33,53.01,9.17
200,Maicao,99,CO,1600903405,74,11.38,-72.24,84.45,0.74
201,Gēdo,61,ET,1600903406,100,9.02,37.45,50.49,1.34
202,Bushehr,0,IR,1600903409,47,28.97,50.84,88.75,2.33
203,Camocim,48,BR,1600903410,72,-2.9,-40.84,78.53,18.05
204,New Iberia,90,US,1600903412,83,30.0,-91.82,82.0,13.87
205,Fukuechō,75,JP,1600903413,88,32.69,128.84,71.6,3.36
206,Haverfordwest,50,GB,1600903300,87,51.8,-4.97,57.99,4.7
207,Fort Nelson,90,CA,1600903405,71,58.81,-122.7,55.4,3.42
208,Rapid Valley,1,US,1600903418,21,44.06,-103.15,82.4,14.99
209,Kinel’-Cherkassy,0,RU,1600903419,79,53.47,51.47,47.03,3.53
210,Mbaïki,100,CF,1600903421,96,3.87,17.99,70.81,2.28
211,Cherskiy,100,RU,1600903422,91,68.75,161.3,41.0,12.95
212,Kohima,100,IN,1600903424,99,25.67,94.12,62.51,3.36
213,Ulaangom,30,MN,1600903425,57,49.98,92.07,45.09,2.26
214,Brownsville,1,US,1600903183,66,25.9,-97.5,87.8,10.29
215,Okhotsk,100,RU,1600903429,67,59.38,143.3,49.8,5.79
216,Río Gallegos,40,AR,1600903188,30,-51.62,-69.22,59.0,17.22
217,Kloulklubed,75,PW,1600903432,74,7.04,134.26,84.2,5.26
218,Hamilton,90,US,1600903434,60,39.18,-84.53,71.01,3.36
219,Laguna,1,US,1600903435,24,38.42,-121.42,91.0,9.17
220,Rundu,0,NA,1600903436,25,-17.93,19.77,68.36,5.73
221,Bilma,0,NE,1600903438,15,18.69,12.92,89.46,6.06
222,Ponta do Sol,20,PT,1600903439,73,32.67,-17.1,73.4,4.7
223,Lavrentiya,80,RU,1600903441,72,65.58,-171.0,41.86,2.95
224,Inírida,86,CO,1600903442,88,3.87,-67.92,78.3,2.3
225,Alberton,98,CA,1600903444,73,46.82,-64.07,59.13,16.64
226,Bom Jesus,23,BR,1600903446,31,-9.07,-44.36,87.28,6.04
227,Madang,72,PG,1600903447,78,-5.22,145.8,82.06,1.95
228,Ancud,63,CL,1600903448,78,-41.87,-73.82,48.99,1.01
229,Manacapuru,20,BR,1600903272,70,-3.3,-60.62,84.2,3.36
230,Santa Fe,74,AR,1600903218,45,-31.63,-60.7,68.0,1.01
231,Havøysund,92,NO,1600903453,62,71.0,24.66,51.8,25.28
232,San Cristobal,40,VE,1600903454,45,7.77,-72.22,87.8,20.8
233,Codrington,77,AU,1600903457,84,-38.27,141.97,48.29,12.33
234,Fortuna,1,US,1600903458,53,40.6,-124.16,81.0,11.41
235,Shenjiamen,100,CN,1600903460,77,29.96,122.3,71.33,13.47
236,Salalah,75,OM,1600903462,94,17.02,54.09,77.0,5.82
237,Burnie,38,AU,1600903464,64,-41.07,145.92,54.0,5.99
238,Talnakh,40,RU,1600903349,93,69.49,88.4,39.2,4.47
239,Careiro da Várzea,40,BR,1600903466,58,-3.2,-59.81,86.0,4.7
240,Naryan-Mar,0,RU,1600903468,88,67.67,53.09,35.62,6.24
241,San Mateo del Mar,3,MX,1600903469,65,16.2,-95.0,87.06,17.45
242,Lompoc,1,US,1600903427,56,34.64,-120.46,78.01,11.41
243,Irricana,69,CA,1600903471,34,51.32,-113.6,70.0,7.0
244,Cidreira,44,BR,1600903473,89,-30.18,-50.21,62.65,14.41
245,Roald,98,NO,1600903474,70,62.58,6.13,48.2,18.34
246,Mersin Province,40,TR,1600903475,94,36.86,34.65,77.0,5.53
247,Shanting,21,CN,1600903477,81,35.08,117.46,64.8,0.51
248,Usogorsk,6,RU,1600903478,92,63.41,48.69,37.53,4.0
249,Kavaratti,89,IN,1600903479,81,10.57,72.64,81.01,17.83
250,Fare,0,PF,1600903480,77,-16.7,-151.02,79.66,15.1
251,Ambilobe,61,MG,1600903482,75,-13.2,49.05,64.38,3.98
252,Umm Kaddadah,65,SD,1600903483,35,13.6,26.69,89.53,6.78
253,Suclayin,100,PH,1600903486,84,15.76,121.55,77.94,2.73
254,Mahina,20,PF,1600903487,66,-17.51,-149.49,86.0,12.75
255,Rawson,0,AR,1600903488,37,-43.3,-65.1,57.4,15.64
256,Walla Walla,1,US,1600903473,22,46.06,-118.34,80.6,3.36
257,Chapada dos Guimarães,75,BR,1600903480,65,-15.46,-55.75,80.6,6.93
258,Ardakān,0,IR,1600903492,32,32.31,54.02,66.2,2.24
259,Kumul,100,CN,1600903493,31,42.8,93.45,63.97,2.1
260,Yinchuan,2,CN,1600903209,35,38.47,106.27,58.3,4.25
261,Umluj,0,SA,1600903495,61,25.02,37.27,85.59,6.89
262,Migori,75,KE,1600903497,68,-1.06,34.47,63.97,5.17
263,Balkhash,100,KZ,1600903498,43,46.84,74.98,58.75,30.13
264,Tautira,20,PF,1600903499,66,-17.73,-149.15,86.0,12.75
265,São José da Coroa Grande,59,BR,1600903501,79,-8.9,-35.15,75.36,10.89
266,Mazatlán,75,MX,1600903384,79,23.22,-106.42,89.01,10.29
267,Normandin,75,CA,1600903504,72,48.83,-72.53,59.0,13.87
268,Puerto Parra,100,CO,1600903506,78,6.65,-74.06,81.63,2.51
269,Velingrad,97,BG,1600903507,61,42.03,24.0,59.0,5.32
270,Shimoda,75,JP,1600903508,83,34.67,138.95,69.8,27.51
271,Belaya Gora,92,RU,1600903510,69,68.53,146.42,43.72,8.14
272,Corinth,57,GR,1600903310,64,37.94,22.96,73.99,1.01
273,Norrtälje,0,SE,1600903513,100,59.76,18.7,55.0,4.7
274,Waingapu,9,ID,1600903516,66,-9.66,120.26,79.88,3.76
275,Qandala,92,SO,1600903409,51,11.47,49.87,88.92,5.14
276,Saint-Pierre,0,RE,1600903519,55,-21.34,55.48,64.4,8.05
277,Mayo,1,US,1600903382,53,38.89,-76.51,73.4,3.36
278,Bubaque,40,GW,1600903522,81,11.28,-15.83,81.19,11.59
279,Buchanan,73,LR,1600903523,89,5.88,-10.05,77.04,7.96
280,Yangi Marg`ilon,0,UZ,1600903525,62,40.43,71.72,55.4,6.93
281,Taloqan,0,AF,1600903526,60,36.74,69.53,48.25,1.77
282,Bac Lieu,71,VN,1600903523,83,9.29,105.72,79.03,4.52
283,Aykhal,20,RU,1600903530,64,66.0,111.5,39.2,6.71
284,Salinópolis,34,BR,1600903531,79,-0.61,-47.36,79.83,13.89
285,Naze,75,JP,1600903532,100,28.37,129.48,78.8,9.17
286,Wanning,100,CN,1600903534,85,18.8,110.4,79.3,2.44
287,Manggar,92,ID,1600903535,82,-2.88,108.27,80.69,6.96
288,Östersund,100,SE,1600903538,87,63.18,14.64,42.8,3.36
289,Arona,100,ES,1600903371,69,28.1,-16.68,75.2,1.12
290,Vila Franca do Campo,40,PT,1600903540,68,37.72,-25.43,64.4,26.4
291,Karratha,65,AU,1600903542,25,-20.74,116.85,75.18,8.68
292,Haines Junction,100,CA,1600903543,57,60.75,-137.51,51.03,2.26
293,Husavik,90,IS,1600903544,93,66.04,-17.34,33.8,9.71
294,Ostrovnoy,78,RU,1600903546,75,68.05,39.51,43.83,18.19
295,Nishihara,40,JP,1600903547,100,26.18,127.76,82.4,4.7
296,Salta,48,AR,1600903549,28,-24.79,-65.41,71.6,3.36
297,Sinnamary,100,GF,1600903550,82,5.38,-52.95,80.19,12.3
298,Sachīn,100,IN,1600903551,85,21.08,72.88,80.85,10.74
299,Cotonou,40,BJ,1600903553,83,6.37,2.42,80.6,11.41
300,Mana,98,GF,1600903555,80,5.66,-53.78,80.22,13.71
301,Mossamedes,74,AO,1600903556,86,-15.2,12.15,64.0,3.67
302,Beaverlodge,40,CA,1600903558,52,55.22,-119.44,64.4,6.93
303,Ubari,0,LY,1600903559,26,26.59,12.78,74.07,3.11
304,Kūhdasht,0,IR,1600903561,31,33.53,47.61,62.13,3.27
305,Vao,0,NC,1600903562,73,-22.67,167.48,70.81,10.54
306,Meulaboh,100,ID,1600903565,87,4.14,96.13,76.44,7.83
307,Xinzhi,0,CN,1600903566,60,36.5,111.7,62.65,1.45
308,Tirumullaivāsal,100,IN,1600903568,77,11.23,79.83,80.67,8.5
309,Westport,1,US,1600903277,44,41.14,-73.36,75.2,6.93
310,Aswān,0,EG,1600903570,30,24.09,32.91,87.15,12.41
311,Sakakah,0,SA,1600903572,16,29.97,40.21,86.0,3.36
312,Ixtapa,75,MX,1600903354,74,20.7,-105.2,86.0,11.41
313,Weligama,77,LK,1600903574,88,5.97,80.42,76.84,6.33
314,Mishelevka,18,RU,1600903576,73,52.86,103.17,44.49,10.92
315,Atbasar,19,KZ,1600903577,82,51.8,68.33,41.16,17.36
316,San Vicente,3,AR,1600903578,62,-26.62,-54.13,64.99,3.65
317,Fairbanks,90,US,1600903580,66,64.84,-147.72,53.6,3.36
318,Shakawe,0,BW,1600903581,27,-18.37,21.85,69.03,5.46
319,Bambanglipuro,99,ID,1600903582,87,-7.95,110.28,77.25,6.98
320,Edd,100,ER,1600903584,73,13.93,41.69,87.66,6.31
321,Goderich,0,CA,1600903585,82,43.75,-81.72,69.01,2.64
322,Northam,38,GB,1600903586,87,51.03,-4.22,51.01,5.99
323,Carutapera,31,BR,1600903588,81,-1.2,-46.02,78.04,7.38
324,Marovoay,20,MG,1600903589,56,-16.1,46.63,71.6,4.7
325,Sarmanovo,0,RU,1600903590,75,55.26,52.59,42.8,6.71
326,Sirsilla,75,IN,1600903592,82,18.38,78.83,75.02,13.6
327,Atambua,0,ID,1600903593,50,-9.11,124.89,78.08,3.0
328,Omsukchan,95,RU,1600903594,90,62.53,155.8,33.84,5.46
329,Mpanda,71,TZ,1600903596,37,-6.37,31.04,75.18,3.67
330,Coquimbo,90,CL,1600903597,87,-29.95,-71.34,55.4,5.82
331,São Filipe,35,CV,1600903599,79,14.9,-24.5,80.69,5.75
332,Liepāja,72,LV,1600903600,87,56.54,21.04,60.8,4.7
333,Vespasiano,75,BR,1600903601,88,-19.69,-43.92,66.2,11.41
334,Longyearbyen,75,SJ,1600903603,86,78.22,15.64,30.2,6.93
335,Jiayuguan City,86,CN,1600903604,41,39.82,98.3,54.3,1.36
336,Saint Anthony,40,US,1600903605,54,45.02,-93.22,82.4,7.31
337,Itarema,3,BR,1600903356,76,-2.92,-39.92,78.46,17.96
338,Kortkeros,20,RU,1600903608,100,61.81,51.58,33.8,4.47
339,Mogadishu,84,SO,1600903610,79,2.04,45.34,77.85,18.84
340,Harlingen,1,US,1600903611,66,26.19,-97.7,89.01,13.87
341,San Patricio,40,MX,1600903613,66,19.22,-104.7,89.6,11.41
342,Camapuã,30,BR,1600903614,32,-19.53,-54.04,83.8,7.94
343,Linxia Chengguanzhen,51,CN,1600903615,75,35.6,103.21,52.59,0.92
344,Boca do Acre,39,BR,1600903617,61,-8.75,-67.4,82.85,0.78
345,Keminmaa,97,FI,1600903618,100,65.86,24.82,51.8,5.82
346,Timrå,100,SE,1600903620,76,62.49,17.33,52.0,6.93
347,Novosergiyevka,0,RU,1600903622,87,52.09,53.65,47.5,5.23
348,Smoljan,67,ME,1600903624,98,43.09,19.23,49.42,4.7
349,Grindavik,75,IS,1600903626,74,63.84,-22.43,37.4,18.34
350,Goulburn,64,AU,1600903627,71,-34.75,149.72,51.01,17.9
351,Dickinson,90,US,1600903629,78,29.46,-95.05,78.01,12.75
352,Cedar City,1,US,1600903341,8,37.68,-113.06,86.0,9.17
353,Chippewa Falls,1,US,1600903631,44,44.94,-91.39,80.01,8.05
354,Bouna,100,CI,1600903633,97,9.27,-3.0,72.43,4.88
355,Antalaha,35,MG,1600903634,79,-14.9,50.28,65.19,7.74
356,Marystown,81,CA,1600903636,100,47.17,-55.15,63.0,7.0
357,Ambulu,36,ID,1600903638,87,-8.35,113.61,75.34,1.34
358,Kenai,75,US,1600903639,62,60.55,-151.26,59.0,13.87
359,Strezhevoy,20,RU,1600903641,100,60.73,77.59,39.2,8.95
360,Slyudyanka,1,RU,1600903642,77,51.66,103.71,46.69,3.33
361,Hobyo,2,SO,1600903643,86,5.35,48.53,76.69,21.3
362,Port Macquarie,0,AU,1600903481,42,-31.43,152.92,66.99,9.91
363,Dwārka,95,IN,1600903388,85,22.24,68.97,81.75,16.44
364,Oranjemund,0,NA,1600903647,68,-28.55,16.43,60.76,3.22
365,Begunitsy,48,RU,1600903649,87,59.59,29.32,60.01,6.71
366,Bariloche,68,AR,1600903650,27,-41.15,-71.31,53.6,5.82
367,Klamath Falls,1,US,1600903651,23,42.22,-121.78,75.99,16.11
368,Coyhaique,20,CL,1600903576,52,-45.58,-72.07,46.4,9.17
369,La Providencia,1,MX,1600903655,25,28.72,-111.58,102.99,17.0
370,Buraidah,0,SA,1600903657,24,26.33,43.98,80.6,6.93
371,Camacha,20,PT,1600903658,88,33.08,-16.33,73.4,9.17
372,Puerto Escondido,40,MX,1600903659,66,15.85,-97.07,87.8,6.93
373,Shediac,75,CA,1600903660,82,46.22,-64.54,55.4,8.05
374,Sioux Lookout,75,CA,1600903401,67,50.1,-91.92,57.2,2.24
375,Flinders,0,AU,1600903663,52,-34.58,150.86,62.01,15.99
376,Ndélé,79,CF,1600903664,95,8.41,20.65,70.93,1.92
377,Talcahuano,28,CL,1600903666,76,-36.72,-73.12,57.2,9.17
378,Constitución,100,CL,1600903667,74,-35.33,-72.42,54.97,10.51
379,Ruhengeri,40,RW,1600903655,77,-1.5,29.64,62.6,13.87
380,Acaraú,1,BR,1600903623,76,-2.89,-40.12,78.21,18.01
381,Nichinan,75,JP,1600903671,88,31.6,131.37,71.6,4.7
382,Napa,10,US,1600903672,67,38.48,-122.33,84.0,1.01
383,Aksu,0,CN,1600903674,33,41.12,80.26,61.23,4.14
384,Shenzhen,95,CN,1600903675,88,22.55,114.07,80.01,1.01
385,Padang,100,ID,1600903676,86,-0.95,100.35,75.52,3.94
386,Duvan,47,RU,1600903679,89,55.7,57.9,38.82,10.49
387,Te Anau,100,NZ,1600903680,87,-45.42,167.72,47.26,4.92
388,Andover,34,GB,1600903682,93,51.21,-1.48,46.4,2.24
389,Ongandjera,93,NA,1600903684,22,-17.88,15.07,75.78,9.98
390,Sefophe,0,BW,1600903685,59,-22.18,27.97,62.4,6.15
391,Anadyr,20,RU,1600903687,70,64.75,177.48,42.8,17.9
392,Onega,67,RU,1600903688,93,63.91,38.14,46.35,8.25
393,Sebring,90,US,1600903690,61,27.5,-81.44,82.4,8.05
394,Bonito,26,BR,1600903692,60,-21.12,-56.48,76.57,3.71
395,Ndjolé,100,GA,1600903693,94,-0.18,10.76,72.77,3.13
396,Hofn,30,IS,1600903695,71,64.25,-15.21,39.06,16.82
397,Lima,40,PE,1600903696,77,-12.04,-77.03,62.6,14.99
398,Adré,85,TD,1600903698,78,13.47,22.2,73.81,0.87
399,Mehamn,20,NO,1600903699,76,71.04,27.85,48.2,26.4
400,Portland,90,US,1600903622,88,45.52,-122.68,64.4,5.82
401,Ocós,75,GT,1600903702,79,14.51,-92.19,86.0,3.36
402,Warren,1,US,1600903615,56,39.43,-84.17,73.0,3.36
403,Portlethen,100,GB,1600903704,87,57.05,-2.13,44.6,8.05
404,Chokwé,0,MZ,1600903706,76,-24.53,32.98,64.27,6.78
405,Allanridge,0,ZA,1600903707,34,-27.75,26.64,58.53,5.39
406,Varhaug,100,NO,1600903708,99,58.61,5.65,50.0,1.01
407,Allāpalli,100,IN,1600903709,94,19.42,80.07,74.5,5.21
408,Bengkulu,100,ID,1600903711,86,-3.8,102.27,77.59,7.05
409,Dalby,51,AU,1600903712,29,-27.18,151.27,66.2,13.87
410,Aklavik,90,CA,1600903713,86,68.22,-135.01,39.2,13.87
411,Tarasovskiy,0,RU,1600903715,37,48.73,40.36,56.53,3.78
412,Lubawa,90,PL,1600903716,65,53.5,19.75,61.59,6.89
413,Amga,0,RU,1600903718,67,60.9,131.96,42.51,1.81
414,Amapá,30,BR,1600903719,57,1.0,-52.0,81.37,5.48
415,Mitsamiouli,0,KM,1600903720,79,-11.38,43.28,77.0,2.53
416,Thunder Bay,90,CA,1600903687,72,48.4,-89.32,62.6,6.93
417,Stromness,68,GB,1600903723,80,58.97,-3.3,41.0,7.67
418,Batticaloa,96,LK,1600903724,80,7.71,81.69,79.57,4.61
419,Alice Town,100,BS,1600903725,72,25.72,-79.3,81.45,15.3
420,Sotuta,97,MX,1600903726,71,20.6,-89.02,82.56,5.41
421,Coahuayana Viejo,75,MX,1600903728,78,18.73,-103.68,80.6,13.87
422,Ciudad Bolivar,97,VE,1600903729,64,8.12,-63.55,86.07,3.11
423,Redlands,75,US,1600903731,16,34.06,-117.18,95.0,4.7
424,Saint George,1,US,1600903732,13,37.1,-113.58,95.0,11.41
425,Vallenar,100,CL,1600903733,51,-28.57,-70.76,65.61,4.21
426,Caravelas,50,BR,1600903735,76,-17.71,-39.25,73.92,7.43
427,Bayonet Point,90,US,1600903736,63,28.33,-82.68,84.0,9.8
428,Pangnirtung,90,CA,1600903737,41,66.15,-65.71,39.2,14.99
429,Benguela,12,AO,1600903739,78,-12.58,13.41,71.53,5.5
430,Bontang,100,ID,1600903740,91,0.13,117.5,74.59,3.56
431,Cururupu,8,BR,1600903741,86,-1.83,-44.87,75.2,3.87
432,Harrison,90,US,1600903743,88,30.41,-89.04,77.0,13.87
433,Chamba,0,IN,1600903745,53,32.57,76.13,66.72,5.97
434,Batagay,75,RU,1600903746,69,67.63,134.63,42.19,1.43
435,Zapolyarnyy,88,RU,1600903747,81,69.42,30.81,48.2,32.21
436,Fortuna Foothills,1,US,1600903749,10,32.66,-114.41,102.99,8.05
437,Zyryanka,71,RU,1600903751,76,65.75,150.85,43.52,6.58
438,Kyra,0,RU,1600903752,85,49.58,111.98,34.95,2.51
439,Vrangel',6,RU,1600903753,70,42.73,133.08,57.79,5.97
440,Lüderitz,0,NA,1600903755,66,-26.65,15.16,58.98,3.4
441,Necochea,0,AR,1600903756,91,-38.55,-58.74,48.0,3.0
442,Gimli,91,CA,1600903757,99,50.63,-96.99,55.99,5.01
443,Chipinge,25,ZW,1600903759,91,-20.19,32.62,55.04,4.43
444,Marquette,36,US,1600903760,62,46.53,-87.63,66.99,5.99
445,Rassvet,0,RU,1600903762,49,46.83,40.75,58.33,7.94
446,Tura,100,IN,1600903763,98,25.52,90.22,73.27,4.72
447,Gogrial,97,SS,1600903764,91,8.53,28.1,73.47,2.91
448,Mahon,0,ES,1600903767,88,39.89,4.27,73.4,9.17
449,Lovozero,71,RU,1600903768,86,68.0,35.01,42.76,9.26
450,Aripuanã,85,BR,1600903769,45,-9.17,-60.63,86.43,1.36
451,Hualmay,33,PE,1600903771,78,-11.1,-77.61,63.01,6.71
452,Mbandaka,97,CD,1600903772,93,0.05,18.26,71.74,3.29
453,Kaduy,0,RU,1600903773,96,59.2,37.15,51.31,4.25
454,Dingle,89,PH,1600903775,85,11.0,122.67,78.55,1.9
455,Teguise,20,ES,1600903777,65,29.06,-13.56,78.8,16.11
456,Nanortalik,100,GL,1600903778,72,60.14,-45.24,39.78,11.41
457,Korla,8,CN,1600903780,31,41.76,86.15,61.77,3.56
458,Gizo Government Station,46,SB,1600903508,71,-8.1,156.84,83.57,5.01
459,Erenhot,41,CN,1600903782,45,43.65,111.98,56.77,6.51
460,Waipawa,3,NZ,1600903784,77,-41.41,175.52,60.8,25.28
461,Ngunguru,81,NZ,1600903785,79,-35.62,174.5,64.99,10.0
462,Griffith,1,US,1600903786,53,41.53,-87.42,73.99,5.82
463,Uturoa,1,PF,1600903787,74,-16.73,-151.43,80.01,16.44
464,Ha Tinh,100,VN,1600903789,92,18.33,105.9,77.74,2.21
